id,clf_target
5832,0
5833,0
5834,0
5835,0
5836,0
5837,0
5838,0
5839,0
5840,0
5841,0
5842,0
5843,0
5844,0
5845,0
5846,0
5847,0
5848,0
5849,0
5850,0
5851,0
5852,0
5853,1
5854,1
5855,0
5856,0
5857,0
5858,0
5859,0
5860,0
5861,0
5862,0
5863,0
5864,0
5865,0
5866,0
5867,0
5868,0
5869,0
5870,0
5871,0
5872,0
5873,0
5874,0
5875,0
5876,0
5877,0
5878,0
5879,0
5880,0
5881,0
5882,1
5883,0
5884,0
5885,0
5886,0
5887,0
5888,0
5889,0
5890,0
5891,0
5892,0
5893,0
5894,1
5895,0
5896,0
5897,0
5898,0
5899,0
5900,0
5901,0
5902,0
5903,0
5904,1
5905,0
5906,0
5907,0
5908,0
5909,0
5910,0
5911,1
5912,0
5913,0
5914,0
5915,0
5916,0
5917,1
5918,1
5919,0
5920,1
5921,1
5922,0
5923,0
5924,1
5925,0
5926,0
5927,0
5928,0
5929,0
5930,0
5931,0
5932,1
5933,1
5934,0
5935,0
5936,0
5937,0
5938,0
5939,0
5940,0
5941,0
5942,0
5943,0
5944,0
5945,0
5946,0
5947,0
5948,0
5949,0
5950,0
5951,0
5952,0
5953,0
5954,0
5955,0
5956,0
5957,0
5958,0
5959,0
5960,0
5961,0
5962,0
5963,0
5964,1
5965,0
5966,0
5967,1
5968,1
5969,1
5970,1
5971,1
5972,0
5973,0
5974,1
5975,1
5976,0
5977,0
5978,0
5979,0
5980,0
5981,0
5982,0
5983,0
5984,0
5985,0
5986,0
5987,0
5988,0
5989,0
5990,0
5991,0
5992,0
5993,0
5994,0
5995,0
5996,0
5997,0
5998,0
5999,0
6000,0
6001,0
6002,0
6003,0
6004,0
6005,0
6006,0
6007,0
6008,0
6009,1
6010,0
6011,1
6012,1
6013,0
6014,1
6015,1
6016,1
6017,0
6018,0
6019,0
6020,0
6021,0
6022,0
6023,0
6024,0
6025,0
6026,0
6027,0
6028,0
6029,0
6030,0
6031,0
6032,0
6033,0
6034,0
6035,0
6036,1
6037,0
6038,0
6039,1
6040,1
6041,1
6042,1
6043,1
6044,1
6045,1
6046,1
6047,1
6048,0
6049,1
6050,0
6051,0
6052,0
6053,0
6054,0
6055,0
6056,0
6057,0
6058,0
6059,0
6060,0
6061,0
6062,0
6063,0
6064,0
6065,0
6066,0
6067,0
6068,0
6069,0
6070,0
6071,0
6072,0
6073,0
6074,0
6075,0
6076,0
6077,0
6078,0
6079,0
6080,0
6081,0
6082,0
6083,0
6084,0
6085,0
6086,0
6087,0
6088,0
6089,0
6090,0
6091,0
6092,0
6093,0
6094,0
6095,0
6096,0
6097,0
6098,0
6099,0
6100,0
6101,0
6102,0
6103,0
6104,0
6105,0
6106,0
6107,0
6108,0
6109,0
6110,0
6111,0
6112,0
6113,1
6114,1
6115,1
6116,1
6117,1
6118,1
6119,0
6120,0
6121,0
6122,0
6123,0
6124,0
6125,0
6126,0
6127,0
6128,0
6129,0
6130,0
6131,0
6132,0
6133,0
6134,0
6135,0
6136,0
6137,0
6138,0
6139,1
6140,0
6141,1
6142,1
6143,0
6144,1
6145,1
6146,1
6147,1
6148,1
6149,0
6150,1
6151,0
6152,0
6153,0
6154,1
6155,1
6156,1
6157,1
6158,1
6159,1
6160,1
6161,1
6162,0
6163,0
6164,0
6165,0
6166,0
6167,0
6168,0
6169,0
6170,0
6171,0
6172,0
6173,0
6174,0
6175,0
6176,0
6177,0
6178,0
6179,0
6180,0
6181,0
6182,0
6183,1
6184,0
6185,0
6186,0
6187,0
6188,0
6189,0
6190,0
6191,0
6192,0
6193,0
6194,0
6195,0
6196,0
6197,0
6198,0
6199,0
6200,0
6201,0
6202,0
6203,0
6204,0
6205,0
6206,0
6207,0
6208,0
6209,0
6210,0
6211,0
6212,0
6213,0
6214,0
6215,0
6216,0
6217,0
6218,0
6219,0
6220,0
6221,0
6222,0
6223,0
6224,0
6225,0
6226,0
6227,0
6228,0
6229,0
6230,0
6231,0
6232,0
6233,0
6234,0
6235,1
6236,1
6237,0
6238,0
6239,1
6240,0
6241,0
6242,0
6243,0
6244,0
6245,0
6246,1
6247,0
6248,0
6249,0
6250,0
6251,0
6252,0
6253,0
6254,0
6255,0
6256,0
6257,0
6258,0
6259,0
6260,0
6261,0
6262,0
6263,0
6264,0
6265,0
6266,0
6267,0
6268,0
6269,0
6270,0
6271,0
6272,0
6273,0
6274,0
6275,0
6276,0
6277,0
6278,0
6279,0
6280,0
6281,0
6282,0
6283,0
6284,0
6285,0
6286,0
6287,0
6288,0
6289,0
6290,0
6291,0
6292,0
6293,0
6294,0
6295,0
6296,0
6297,0
6298,0
6299,0
6300,0
6301,0
6302,0
6303,0
6304,0
6305,0
6306,0
6307,0
6308,0
6309,0
6310,0
6311,0
6312,0
6313,0
6314,0
6315,0
6316,0
6317,1
6318,1
6319,1
6320,0
6321,0
6322,0
6323,0
6324,0
6325,0
6326,0
6327,0
6328,0
6329,0
6330,0
6331,1
6332,1
6333,0
6334,0
6335,1
6336,1
6337,0
6338,1
6339,1
6340,0
6341,1
6342,0
6343,0
6344,0
6345,0
6346,0
6347,0
6348,0
6349,0
6350,0
6351,0
6352,0
6353,1
6354,1
6355,1
6356,1
6357,1
6358,1
6359,1
6360,1
6361,1
6362,1
6363,1
6364,1
6365,1
6366,0
6367,1
6368,1
6369,1
6370,0
6371,1
6372,1
6373,1
6374,0
6375,0
6376,0
6377,0
6378,0
6379,0
6380,0
6381,0
6382,0
6383,0
6384,0
6385,0
6386,0
6387,0
6388,0
6389,0
6390,0
6391,0
6392,0
6393,0
6394,0
6395,0
6396,0
6397,0
6398,0
6399,0
6400,0
6401,0
6402,0
6403,0
6404,0
6405,0
6406,0
6407,0
6408,0
6409,0
6410,0
6411,0
6412,0
6413,0
6414,0
6415,0
6416,0
6417,0
6418,0
6419,0
6420,0
6421,1
6422,1
6423,1
6424,0
6425,0
6426,0
6427,0
6428,0
6429,0
6430,0
6431,0
6432,0
6433,0
6434,0
6435,0
6436,0
6437,0
6438,1
6439,1
6440,1
6441,0
6442,0
6443,0
6444,1
6445,1
6446,0
6447,0
6448,0
6449,0
6450,0
6451,0
6452,0
6453,0
6454,0
6455,1
6456,1
6457,1
6458,1
6459,1
6460,0
6461,0
6462,0
6463,1
6464,0
6465,1
6466,1
6467,1
6468,1
6469,1
6470,0
6471,0
6472,0
6473,0
6474,0
6475,0
6476,0
6477,0
6478,0
6479,0
6480,0
6481,0
6482,0
6483,0
6484,0
6485,0
6486,0
6487,0
6488,0
6489,0
6490,0
6491,0
6492,0
6493,0
6494,0
6495,0
6496,0
6497,0
6498,0
6499,0
6500,0
6501,0
6502,0
6503,0
6504,0
6505,0
6506,0
6507,0
6508,0
6509,0
6510,0
6511,0
6512,0
6513,0
6514,0
6515,0
6516,0
6517,0
6518,0
6519,0
6520,0
6521,0
6522,0
6523,0
6524,1
6525,1
6526,0
6527,1
6528,1
6529,1
6530,0
6531,0
6532,0
6533,0
6534,0
6535,0
6536,0
6537,0
6538,0
6539,1
6540,1
6541,1
6542,1
6543,1
6544,0
6545,0
6546,0
6547,0
6548,0
6549,0
6550,1
6551,0
6552,0
6553,0
6554,0
6555,0
6556,0
6557,0
6558,0
6559,0
6560,0
6561,0
6562,0
6563,0
6564,0
6565,0
6566,0
6567,0
6568,0
6569,0
6570,0
6571,0
6572,1
6573,1
6574,1
6575,1
6576,1
6577,1
6578,1
6579,0
6580,1
6581,0
6582,0
6583,0
6584,0
6585,1
6586,0
6587,1
6588,1
6589,1
6590,1
6591,1
6592,1
6593,1
6594,1
6595,1
6596,1
6597,1
6598,0
6599,1
6600,1
6601,1
6602,1
6603,1
6604,1
6605,1
6606,0
6607,1
6608,1
6609,1
6610,0
6611,0
6612,0
6613,0
6614,0
6615,0
6616,0
6617,0
6618,0
6619,0
6620,0
6621,0
6622,0
6623,0
6624,0
6625,0
6626,0
6627,1
6628,0
6629,0
6630,0
6631,0
6632,0
6633,0
6634,1
6635,0
6636,1
6637,1
6638,0
6639,1
6640,1
6641,1
6642,1
6643,0
6644,1
6645,0
6646,0
6647,0
6648,0
6649,0
6650,0
6651,0
6652,1
6653,1
6654,1
6655,1
6656,1
6657,1
6658,1
6659,1
6660,1
6661,1
6662,1
6663,1
6664,1
6665,1
6666,1
6667,1
6668,1
6669,1
6670,1
6671,1
6672,1
6673,0
6674,0
6675,0
6676,1
6677,1
6678,1
6679,1
6680,1
6681,1
6682,0
6683,0
6684,1
6685,0
6686,0
6687,0
6688,0
6689,0
6690,0
6691,0
6692,0
6693,0
6694,0
6695,0
6696,0
6697,1
6698,1
6699,0
6700,0
6701,0
6702,0
6703,0
6704,0
6705,0
6706,0
6707,0
6708,0
6709,0
6710,0
6711,0
6712,0
6713,0
6714,0
6715,0
6716,0
6717,0
6718,0
6719,0
6720,0
6721,0
6722,0
6723,0
6724,0
6725,0
6726,0
6727,0
6728,0
6729,0
6730,0
6731,0
6732,0
6733,0
6734,0
6735,0
6736,0
6737,0
6738,0
6739,0
6740,0
6741,0
6742,0
6743,0
6744,0
6745,0
6746,0
6747,0
6748,0
6749,0
6750,0
6751,0
6752,0
6753,0
6754,0
6755,0
6756,0
6757,0
6758,1
6759,1
6760,0
6761,1
6762,0
6763,1
6764,1
6765,1
6766,0
6767,0
6768,0
6769,0
6770,0
6771,0
6772,0
6773,0
6774,1
6775,1
6776,1
6777,0
6778,1
6779,0
6780,1
6781,0
6782,0
6783,1
6784,1
6785,1
6786,1
6787,1
6788,1
6789,1
6790,1
6791,1
6792,1
6793,1
6794,1
6795,0
6796,1
6797,1
6798,1
6799,1
6800,1
6801,1
6802,1
6803,1
6804,0
6805,0
6806,1
6807,0
6808,0
6809,1
6810,1
6811,0
6812,0
6813,0
6814,0
6815,0
6816,0
6817,0
6818,0
6819,1
6820,0
6821,0
6822,0
6823,0
6824,0
6825,0
6826,0
6827,0
6828,0
6829,0
6830,0
6831,0
6832,0
6833,0
6834,0
6835,0
6836,0
6837,0
6838,0
6839,0
6840,1
6841,0
6842,1
6843,0
6844,0
6845,0
6846,0
6847,0
6848,0
6849,1
6850,0
6851,0
6852,0
6853,0
6854,0
6855,0
6856,0
6857,0
6858,0
6859,0
6860,0
6861,0
6862,0
6863,0
6864,0
6865,0
6866,0
6867,0
6868,0
6869,0
6870,0
6871,0
6872,0
6873,0
6874,0
6875,0
6876,0
6877,0
6878,0
6879,0
6880,0
6881,0
6882,0
6883,0
6884,0
6885,0
6886,0
6887,0
6888,0
6889,0
6890,0
6891,0
6892,0
6893,0
6894,0
6895,0
6896,0
6897,1
6898,0
6899,0
6900,0
6901,0
6902,0
6903,0
6904,0
6905,0
6906,0
6907,0
6908,0
6909,0
6910,0
6911,0
6912,0
6913,0
6914,0
6915,0
6916,0
6917,0
6918,0
6919,0
6920,0
6921,0
6922,0
6923,0
6924,0
6925,0
6926,0
6927,0
6928,0
6929,0
6930,0
6931,0
6932,0
6933,0
6934,0
6935,0
6936,0
6937,0
6938,0
6939,0
6940,0
6941,0
6942,0
6943,0
6944,1
6945,0
6946,0
6947,0
6948,0
6949,0
6950,0
6951,0
6952,0
6953,0
6954,0
6955,0
6956,0
6957,0
6958,0
6959,0
6960,0
6961,0
6962,0
6963,0
6964,0
6965,0
6966,0
6967,0
6968,0
6969,0
6970,0
6971,0
6972,0
6973,0
6974,0
6975,0
6976,0
6977,0
6978,0
6979,0
6980,0
6981,0
6982,0
6983,0
6984,0
6985,0
6986,0
6987,0
6988,0
6989,0
6990,0
6991,0
6992,0
6993,0
6994,0
6995,0
6996,0
6997,0
6998,0
6999,0
7000,0
7001,0
7002,0
7003,0
7004,0
7005,0
7006,0
7007,0
7008,0
7009,0
7010,0
7011,0
7012,0
7013,0
7014,0
7015,0
7016,0
7017,0
7018,0
7019,0
7020,0
7021,0
7022,0
7023,0
7024,0
7025,0
7026,0
7027,0
7028,0
7029,0
7030,1
7031,0
7032,0
7033,0
7034,0
7035,0
7036,0
7037,0
7038,0
7039,0
7040,0
7041,0
7042,0
7043,0
7044,0
7045,0
7046,0
7047,0
7048,0
7049,0
7050,0
7051,0
7052,0
7053,0
7054,0
7055,0
7056,0
7057,0
7058,0
7059,0
7060,0
7061,0
7062,0
7063,0
7064,0
7065,0
7066,0
7067,0
7068,0
7069,0
7070,0
7071,0
7072,0
7073,0
7074,0
7075,0
7076,0
7077,0
7078,0
7079,0
7080,0
7081,0
7082,0
7083,0
7084,0
7085,0
7086,0
7087,0
7088,0
7089,0
7090,1
7091,0
7092,0
7093,0
7094,0
7095,0
7096,1
7097,0
7098,0
7099,0
7100,0
7101,0
7102,1
7103,0
7104,0
7105,0
7106,0
7107,0
7108,0
7109,0
7110,0
7111,0
7112,1
7113,0
7114,0
7115,0
7116,0
7117,0
7118,0
7119,0
7120,0
7121,0
7122,0
7123,0
7124,0
7125,0
7126,0
7127,0
7128,0
7129,0
7130,0
7131,0
7132,0
7133,0
7134,0
7135,0
7136,0
7137,0
7138,0
7139,1
7140,0
7141,0
7142,0
7143,0
7144,0
7145,0
7146,0
7147,0
7148,0
7149,0
7150,0
7151,0
7152,0
7153,0
7154,0
7155,0
7156,0
7157,0
7158,0
7159,1
7160,0
7161,1
7162,0
7163,0
7164,0
7165,1
7166,1
7167,0
7168,0
7169,0
7170,0
7171,0
7172,0
7173,0
7174,1
7175,0
7176,0
7177,0
7178,1
7179,0
7180,0
7181,1
7182,1
7183,1
7184,1
7185,0
7186,0
7187,0
7188,0
7189,0
7190,1
7191,0
7192,1
7193,1
7194,1
7195,0
7196,0
7197,1
7198,0
7199,0
7200,0
7201,0
7202,0
7203,0
7204,0
7205,0
7206,0
7207,0
7208,0
7209,0
7210,0
7211,0
7212,0
7213,0
7214,0
7215,0
7216,0
7217,0
7218,0
7219,0
7220,0
7221,0
7222,0
7223,0
7224,0
7225,1
7226,1
7227,0
7228,0
7229,0
7230,0
7231,0
7232,0
7233,0
7234,0
7235,0
7236,0
7237,0
7238,0
7239,0
7240,0
7241,0
7242,0
7243,0
7244,1
7245,1
7246,0
7247,0
7248,0
7249,0
7250,0
7251,0
7252,0
7253,0
7254,0
7255,1
7256,0
7257,0
7258,0
7259,0
7260,0
7261,0
7262,0
7263,0
7264,0
7265,0
7266,0
7267,0
7268,0
7269,0
7270,0
7271,0
7272,0
7273,0
7274,0
7275,0
7276,0
7277,0
7278,0
7279,0
7280,0
7281,1
7282,1
7283,0
7284,0
7285,1
7286,0
7287,0
7288,0
7289,0
7290,0
7291,0
7292,0
7293,0
7294,0
7295,0
7296,0
7297,0
7298,0
7299,0
7300,0
7301,0
7302,0
7303,0
7304,0
7305,0
7306,0
7307,0
7308,0
7309,0
7310,0
7311,0
7312,0
7313,0
7314,0
7315,0
7316,0
7317,0
7318,0
7319,0
7320,0
7321,0
7322,0
7323,0
7324,0
7325,0
7326,0
7327,0
7328,0
7329,0
7330,0
7331,0
7332,0
7333,0
7334,0
7335,0
7336,0
7337,0
7338,0
7339,0
7340,0
7341,0
7342,0
7343,0
7344,0
7345,0
7346,0
7347,0
7348,0
7349,0
7350,0
7351,0
7352,0
7353,0
7354,0
7355,0
7356,0
7357,0
7358,0
7359,0
7360,0
7361,0
7362,0
7363,0
7364,0
7365,0
7366,1
7367,1
7368,1
7369,1
7370,0
7371,0
7372,0
7373,0
7374,0
7375,0
7376,1
7377,0
7378,0
7379,0
7380,0
7381,0
7382,0
7383,0
7384,1
7385,1
7386,1
7387,1
7388,0
7389,0
7390,0
7391,0
7392,0
7393,0
7394,0
7395,0
7396,0
7397,0
7398,0
7399,0
7400,0
7401,0
7402,0
7403,0
7404,1
7405,0
7406,0
7407,0
7408,0
7409,0
7410,0
7411,0
7412,0
7413,0
7414,0
7415,0
7416,0
7417,0
7418,0
7419,0
7420,0
7421,0
7422,0
7423,0
7424,1
7425,0
7426,0
7427,0
7428,0
7429,1
7430,1
7431,1
7432,1
7433,1
7434,1
7435,1
7436,1
7437,1
7438,1
7439,1
7440,1
7441,0
7442,1
7443,1
7444,1
7445,1
7446,1
7447,1
7448,1
7449,1
7450,1
7451,1
7452,1
7453,1
7454,1
7455,1
7456,1
7457,0
7458,1
7459,1
7460,0
7461,0
7462,0
7463,0
7464,0
7465,0
7466,0
7467,0
7468,0
7469,0
7470,1
7471,0
7472,0
7473,0
7474,0
7475,0
7476,0
7477,0
7478,0
7479,0
7480,0
7481,1
7482,1
7483,1
7484,0
7485,0
7486,0
7487,0
7488,0
7489,0
7490,0
7491,0
7492,0
7493,0
7494,0
7495,0
7496,0
7497,0
7498,0
7499,0
7500,0
7501,0
7502,1
7503,0
7504,1
7505,1
7506,1
7507,1
7508,1
7509,1
7510,1
7511,1
7512,1
7513,1
7514,0
7515,0
7516,0
7517,0
7518,0
7519,0
7520,0
7521,0
7522,0
7523,0
7524,0
7525,0
7526,0
7527,0
7528,0
7529,0
7530,0
7531,0
7532,0
7533,0
7534,0
7535,0
7536,0
7537,0
7538,0
7539,0
7540,0
7541,0
7542,0
7543,0
7544,0
7545,0
7546,0
7547,0
7548,0
7549,0
7550,0
7551,0
7552,0
7553,0
7554,0
7555,0
7556,0
7557,0
7558,0
7559,0
7560,0
7561,0
7562,0
7563,0
7564,0
7565,0
7566,0
7567,0
7568,0
7569,0
7570,0
7571,0
7572,0
7573,0
7574,0
7575,1
7576,1
7577,1
7578,1
7579,1
7580,1
7581,1
7582,0
7583,0
7584,0
7585,0
7586,0
7587,0
7588,0
7589,1
7590,0
7591,0
7592,0
7593,0
7594,0
7595,0
7596,0
7597,0
7598,0
7599,0
7600,0
7601,0
7602,0
7603,0
7604,0
7605,0
7606,0
7607,0
7608,0
7609,0
7610,0
7611,0
7612,0
7613,0
7614,0
7615,0
7616,0
7617,0
7618,0
7619,0
7620,0
7621,0
7622,0
7623,0
7624,0
7625,0
7626,0
7627,0
7628,0
7629,0
7630,0
7631,0
7632,0
7633,0
7634,0
7635,0
7636,0
7637,0
7638,0
7639,0
7640,0
7641,0
7642,0
7643,0
7644,1
7645,0
7646,1
7647,1
7648,1
7649,0
7650,0
7651,0
7652,0
7653,0
7654,0
7655,0
7656,0
7657,0
7658,0
7659,1
7660,0
7661,1
7662,0
7663,0
7664,0
7665,0
7666,0
7667,0
7668,0
7669,0
7670,0
7671,0
7672,0
7673,0
7674,0
7675,0
7676,0
7677,0
7678,0
7679,0
7680,0
7681,0
7682,0
7683,0
7684,0
7685,0
7686,0
7687,0
7688,0
7689,0
7690,0
7691,0
7692,0
7693,0
7694,0
7695,0
7696,0
7697,0
7698,0
7699,0
7700,0
7701,0
7702,0
7703,0
7704,0
7705,0
7706,0
7707,0
7708,0
7709,0
7710,0
7711,1
7712,1
7713,1
7714,1
7715,1
7716,1
7717,0
7718,0
7719,1
7720,1
7721,0
7722,0
7723,0
7724,0
7725,1
7726,0
7727,0
7728,0
7729,0
7730,0
7731,0
7732,0
7733,0
7734,0
7735,0
7736,0
7737,0
7738,0
7739,0
7740,0
7741,0
7742,0
7743,0
7744,0
7745,0
7746,0
7747,0
7748,0
7749,0
7750,0
7751,1
7752,1
7753,1
7754,0
7755,1
7756,0
7757,1
7758,1
7759,0
7760,1
7761,0
7762,1
7763,1
7764,1
7765,1
7766,1
7767,1
7768,0
7769,1
7770,1
7771,1
7772,0
7773,1
7774,0
7775,1
7776,1
7777,0
7778,0
7779,0
7780,0
7781,1
7782,1
7783,1
7784,1
7785,1
7786,1
7787,1
7788,1
7789,1
7790,1
7791,1
7792,1
7793,1
7794,1
7795,1
7796,1
7797,1
7798,1
7799,1
7800,1
7801,1
7802,1
7803,1
7804,1
7805,1
7806,1
7807,1
7808,1
7809,1
7810,0
7811,0
7812,1
7813,1
7814,1
7815,1
7816,1
7817,1
7818,1
7819,1
7820,1
7821,1
7822,1
7823,1
7824,1
7825,1
7826,1
7827,1
7828,1
7829,1
7830,1
7831,1
7832,1
7833,1
7834,1
7835,1
7836,1
7837,1
7838,1
7839,1
7840,1
7841,1
7842,1
7843,0
7844,1
7845,1
7846,1
7847,1
7848,1
7849,1
7850,1
7851,1
7852,1
7853,1
7854,1
7855,1
7856,1
7857,1
7858,1
7859,1
7860,1
7861,0
7862,1
7863,1
7864,1
7865,1
7866,1
7867,1
7868,1
7869,1
7870,1
7871,1
7872,1
7873,1
7874,1
7875,1
7876,1
7877,1
7878,1
7879,1
7880,1
7881,1
7882,1
7883,1
7884,1
7885,1
7886,1
7887,1
7888,1
7889,1
7890,1
7891,1
7892,1
7893,1
7894,1
7895,1
7896,1
7897,1
7898,1
7899,1
7900,1
7901,1
7902,1
7903,1
7904,1
7905,1
7906,1
7907,1
7908,1
7909,1
7910,1
7911,1
7912,1
7913,1
7914,1
7915,1
7916,1
7917,1
7918,1
7919,1
7920,1
7921,1
7922,1
7923,1
7924,1
7925,0
7926,1
7927,0
7928,1
7929,1
7930,1
7931,0
7932,1
7933,1
7934,1
7935,1
7936,1
7937,1
7938,1
7939,1
7940,0
7941,1
7942,0
7943,0
7944,0
7945,0
7946,1
7947,0
7948,0
7949,1
7950,0
7951,0
7952,0
7953,1
7954,1
7955,1
7956,1
7957,1
7958,1
7959,0
7960,1
7961,1
7962,1
7963,1
7964,1
7965,1
7966,1
7967,1
7968,1
7969,1
7970,1
7971,1
7972,1
7973,1
7974,1
7975,1
7976,1
7977,1
7978,1
7979,1
7980,1
7981,1
7982,1
7983,1
7984,1
7985,1
7986,1
7987,1
7988,1
7989,1
7990,1
7991,1
7992,0
7993,1
7994,0
7995,1
7996,1
7997,1
7998,1
7999,1
8000,0
8001,1
8002,1
8003,1
8004,1
8005,1
8006,1
8007,0
8008,1
8009,1
8010,1
8011,1
8012,1
8013,1
8014,1
8015,1
8016,1
8017,1
8018,0
8019,1
8020,1
8021,1
8022,1
8023,1
8024,0
8025,1
8026,0
8027,1
8028,1
8029,1
8030,1
8031,0
8032,1
8033,1
8034,1
8035,1
8036,0
8037,0
8038,0
8039,1
8040,0
8041,0
8042,0
8043,1
8044,0
8045,0
8046,0
8047,0
8048,0
8049,0
8050,0
8051,0
8052,0
8053,1
8054,1
8055,1
8056,1
8057,1
8058,1
8059,1
8060,0
8061,1
8062,1
8063,1
8064,1
8065,1
8066,1
8067,1
8068,1
8069,1
8070,0
8071,0
8072,0
8073,0
8074,1
8075,1
8076,0
8077,0
8078,1
8079,1
8080,1
8081,1
8082,1
8083,1
8084,1
8085,0
8086,1
8087,1
8088,0
8089,0
8090,1
8091,1
8092,1
8093,0
8094,0
8095,1
8096,1
8097,0
8098,0
8099,0
8100,0
8101,1
8102,0
8103,1
8104,1
8105,1
8106,1
8107,1
8108,1
8109,1
8110,1
8111,1
8112,1
8113,1
8114,1
8115,1
8116,0
8117,0
8118,0
8119,0
8120,1
8121,1
8122,1
8123,0
8124,1
8125,1
8126,1
8127,1
8128,1
8129,1
8130,1
8131,1
8132,1
8133,1
8134,1
8135,1
8136,1
8137,1
8138,0
8139,1
8140,1
8141,1
8142,1
8143,1
8144,1
8145,1
8146,1
8147,0
8148,0
8149,0
8150,1
8151,0
8152,1
8153,1
8154,1
8155,0
8156,1
8157,1
8158,1
8159,1
8160,1
8161,1
8162,0
8163,0
8164,0
8165,0
8166,0
8167,0
8168,0
8169,0
8170,0
8171,0
8172,0
8173,0
8174,0
8175,0
8176,0
8177,0
8178,0
8179,0
8180,0
8181,0
8182,0
8183,0
8184,0
8185,0
8186,0
8187,0
8188,0
8189,0
8190,0
8191,0
8192,0
8193,0
8194,0
8195,0
8196,0
8197,0
8198,0
8199,0
8200,0
8201,0
8202,0
8203,0
8204,0
8205,0
8206,0
8207,0
8208,0
8209,0
8210,1
8211,0
8212,0
8213,1
8214,1
8215,0
8216,0
8217,0
8218,0
8219,0
8220,0
8221,0
8222,0
8223,0
8224,0
8225,0
8226,0
8227,1
8228,0
8229,1
8230,1
8231,1
8232,1
8233,1
8234,1
8235,1
8236,1
8237,1
8238,1
8239,1
8240,1
8241,1
8242,0
8243,0
8244,0
8245,0
8246,0
8247,0
8248,0
8249,0
8250,0
8251,0
8252,0
8253,0
8254,0
8255,0
8256,0
8257,0
8258,0
8259,0
8260,0
8261,0
8262,0
8263,0
8264,0
8265,0
8266,0
8267,0
8268,0
8269,0
8270,0
8271,0
8272,0
8273,0
8274,0
8275,0
8276,0
8277,0
8278,0
8279,1
8280,1
8281,0
8282,0
8283,0
8284,0
8285,0
8286,0
8287,0
8288,0
8289,0
8290,0
8291,0
8292,0
8293,0
8294,0
8295,0
8296,0
8297,0
8298,0
8299,0
8300,0
8301,0
8302,0
8303,0
8304,0
8305,0
8306,1
8307,0
8308,0
8309,0
8310,0
8311,0
8312,0
8313,0
8314,0
8315,0
8316,0
8317,0
8318,0
8319,0
8320,0
8321,0
8322,0
8323,0
8324,0
8325,0
8326,0
8327,0
8328,0
8329,0
8330,0
8331,0
8332,0
8333,0
8334,0
8335,0
8336,0
8337,0
8338,0
8339,0
8340,0
8341,0
8342,1
8343,0
8344,0
8345,0
8346,1
8347,1
8348,1
8349,0
8350,1
8351,1
8352,1
8353,1
8354,1
8355,1
8356,1
8357,1
8358,1
8359,1
8360,1
8361,1
8362,1
8363,1
8364,1
8365,1
8366,1
8367,0
8368,1
8369,0
8370,0
8371,1
8372,1
8373,1
8374,0
8375,0
8376,0
8377,1
8378,1
8379,1
8380,1
8381,1
8382,1
8383,1
8384,1
8385,1
8386,1
8387,1
8388,1
8389,1
8390,0
8391,0
8392,1
8393,0
8394,0
8395,0
8396,0
8397,0
8398,0
8399,0
8400,0
8401,0
8402,0
8403,0
8404,0
8405,1
8406,0
8407,0
8408,1
8409,0
8410,0
8411,0
8412,0
8413,0
8414,0
8415,0
8416,0
8417,0
8418,0
8419,0
8420,0
8421,0
8422,0
8423,0
8424,0
8425,0
8426,0
8427,0
8428,0
8429,0
8430,0
8431,0
8432,1
8433,1
8434,1
8435,0
8436,0
8437,0
8438,0
8439,0
8440,0
8441,0
8442,1
8443,0
8444,1
8445,0
8446,1
8447,1
8448,1
8449,1
8450,0
8451,0
8452,0
8453,1
8454,0
8455,0
8456,0
8457,0
8458,1
8459,0
8460,1
8461,1
8462,1
8463,1
8464,0
8465,0
8466,1
8467,0
8468,1
8469,1
8470,1
8471,1
8472,1
8473,1
8474,1
8475,0
8476,1
8477,1
8478,1
8479,0
8480,0
8481,1
8482,1
8483,0
8484,0
8485,0
8486,0
8487,0
8488,0
8489,0
8490,0
8491,0
8492,0
8493,0
8494,0
8495,1
8496,0
8497,1
8498,0
8499,0
8500,1
8501,1
8502,0
8503,0
8504,0
8505,0
8506,0
8507,0
8508,0
8509,0
8510,0
8511,1
8512,1
8513,0
8514,0
8515,0
8516,0
8517,0
8518,0
8519,0
8520,0
8521,0
8522,0
8523,0
8524,0
8525,0
8526,0
8527,0
8528,0
8529,0
8530,0
8531,0
8532,0
8533,0
8534,0
8535,0
8536,0
8537,0
8538,0
8539,0
8540,0
8541,1
8542,0
8543,0
8544,0
8545,0
8546,0
8547,0
8548,1
8549,1
8550,1
8551,0
8552,0
8553,0
8554,0
8555,0
8556,1
8557,0
8558,0
8559,0
8560,1
8561,1
8562,1
8563,0
8564,1
8565,0
8566,0
8567,0
8568,1
8569,1
8570,1
8571,1
8572,1
8573,1
8574,0
8575,1
8576,1
8577,1
8578,1
8579,1
8580,1
8581,1
8582,1
8583,0
8584,1
8585,1
8586,1
8587,1
8588,0
8589,1
8590,1
8591,1
8592,0
8593,0
8594,1
8595,0
8596,1
8597,1
8598,1
8599,1
8600,0
8601,1
8602,0
8603,1
8604,0
8605,1
8606,1
8607,1
8608,0
8609,1
8610,1
8611,1
8612,1
8613,0
8614,1
8615,1
8616,1
8617,1
8618,1
8619,1
8620,1
8621,1
8622,1
8623,1
8624,0
8625,1
8626,1
8627,1
8628,1
8629,1
8630,1
8631,1
8632,1
8633,1
8634,1
8635,1
8636,1
8637,0
8638,1
8639,1
8640,1
8641,1
8642,1
8643,1
8644,1
8645,1
8646,1
8647,1
8648,1
8649,1
8650,1
8651,1
8652,1
8653,1
8654,1
8655,1
8656,1
8657,1
8658,1
8659,1
8660,1
8661,1
8662,1
8663,1
8664,1
8665,1
8666,1
8667,1
8668,1
8669,1
8670,1
8671,1
8672,1
8673,1
8674,1
8675,1
8676,1
8677,1
8678,1
8679,1
8680,1
8681,0
8682,1
8683,1
8684,0
8685,1
8686,1
8687,1
8688,1
8689,1
8690,1
8691,1
8692,1
8693,1
8694,1
8695,1
8696,1
8697,1
8698,1
8699,0
8700,1
8701,1
8702,1
8703,1
8704,1
8705,1
8706,1
8707,1
8708,1
8709,1
8710,1
8711,1
8712,1
8713,1
8714,1
8715,1
8716,1
8717,1
8718,1
8719,1
8720,1
8721,1
8722,1
8723,1
8724,1
8725,1
8726,1
8727,1
8728,1
8729,1
8730,1
8731,1
8732,1
8733,1
8734,1
8735,1
8736,0
8737,1
8738,0
8739,1
8740,0
8741,1
8742,0
8743,1
8744,0
8745,0
8746,0
8747,1
8748,1
8749,1
8750,1
8751,1
8752,0
8753,0
8754,1
8755,0
8756,0
8757,0
8758,0
8759,0
8760,1
8761,1
8762,0
8763,0
8764,0
8765,0
8766,0
8767,1
8768,0
8769,0
8770,0
8771,0
8772,1
8773,1
8774,0
8775,0
8776,0
8777,0
8778,1
8779,1
8780,0
8781,0
8782,0
8783,0
8784,0
8785,1
8786,1
8787,1
8788,1
8789,1
8790,1
8791,1
8792,1
8793,0
8794,1
8795,1
8796,1
8797,0
8798,0
8799,0
8800,0
8801,1
8802,1
8803,1
8804,1
8805,1
8806,1
8807,1
8808,1
8809,0
8810,1
8811,1
8812,1
8813,1
8814,1
8815,1
8816,1
8817,1
8818,1
8819,1
8820,1
8821,1
8822,1
8823,1
8824,1
8825,1
8826,0
8827,1
8828,1
8829,0
8830,1
8831,0
8832,0
8833,0
8834,0
8835,0
8836,1
8837,1
8838,1
8839,0
8840,0
8841,1
8842,0
8843,0
8844,0
8845,1
8846,0
8847,0
8848,0
8849,0
8850,0
8851,0
8852,0
8853,0
8854,0
8855,1
8856,0
8857,0
8858,0
8859,1
8860,1
8861,1
8862,0
8863,1
8864,1
8865,1
8866,1
8867,1
8868,0
8869,1
8870,0
8871,1
8872,1
8873,1
8874,1
8875,1
8876,1
8877,1
8878,0
8879,0
8880,0
8881,1
8882,1
8883,1
8884,0
8885,1
8886,0
8887,1
8888,1
8889,1
8890,0
8891,1
8892,1
8893,1
8894,0
8895,1
8896,0
8897,1
8898,0
8899,0
8900,1
8901,0
8902,0
8903,1
8904,1
8905,1
8906,1
8907,0
8908,1
8909,1
8910,1
8911,0
8912,1
8913,0
8914,0
8915,0
8916,1
8917,1
8918,1
8919,1
8920,1
8921,1
8922,1
8923,1
8924,1
8925,1
8926,1
8927,1
8928,1
8929,1
8930,0
8931,0
8932,0
8933,0
8934,0
8935,0
8936,1
8937,1
8938,1
8939,1
8940,1
8941,1
8942,0
8943,0
8944,0
8945,0
8946,0
8947,0
8948,0
8949,0
8950,0
8951,0
8952,0
8953,1
8954,0
8955,1
8956,1
8957,0
8958,1
8959,1
8960,0
8961,1
8962,1
8963,0
8964,1
8965,1
8966,1
8967,1
8968,1
8969,1
8970,1
8971,1
8972,0
8973,0
8974,0
8975,1
8976,0
8977,0
8978,0
8979,0
8980,1
8981,0
8982,0
8983,0
8984,1
8985,1
8986,1
8987,1
8988,1
8989,1
8990,1
8991,1
8992,1
8993,1
8994,1
8995,1
8996,1
8997,1
8998,1
8999,1
9000,0
9001,1
9002,1
9003,0
9004,1
9005,1
9006,0
9007,0
9008,1
9009,0
9010,0
9011,1
9012,1
9013,1
9014,1
9015,1
9016,0
9017,0
9018,0
9019,0
9020,0
9021,0
9022,0
9023,0
9024,1
9025,1
9026,1
9027,1
9028,1
9029,1
9030,1
9031,1
9032,1
9033,1
9034,1
9035,1
9036,1
9037,1
9038,1
9039,1
9040,1
9041,1
9042,1
9043,1
9044,1
9045,1
9046,1
9047,1
9048,1
9049,1
9050,1
9051,1
9052,1
9053,1
9054,1
9055,1
9056,1
9057,1
9058,1
9059,1
9060,1
9061,1
9062,1
9063,1
9064,1
9065,1
9066,1
9067,1
9068,1
9069,1
9070,1
9071,1
9072,1
9073,1
9074,1
9075,0
9076,1
9077,1
9078,1
9079,1
9080,1
9081,1
9082,1
9083,1
9084,1
9085,1
9086,1
9087,1
9088,1
9089,1
9090,1
9091,1
9092,1
9093,1
9094,1
9095,1
9096,1
9097,1
9098,1
9099,1
9100,1
9101,1
9102,1
9103,1
9104,1
9105,1
9106,1
9107,1
9108,1
9109,1
9110,1
9111,1
9112,1
9113,1
9114,1
9115,1
9116,1
9117,1
9118,1
9119,1
9120,1
9121,1
9122,1
9123,1
9124,1
9125,1
9126,1
9127,1
9128,1
9129,0
9130,0
9131,1
9132,1
9133,1
9134,1
9135,1
9136,1
9137,1
9138,1
9139,1
9140,1
9141,1
9142,1
9143,1
9144,1
9145,1
9146,1
9147,1
9148,1
9149,1
9150,1
9151,1
9152,1
9153,0
9154,1
9155,1
9156,1
9157,1
9158,1
9159,1
9160,1
9161,1
9162,0
9163,0
9164,0
9165,1
9166,1
9167,1
9168,1
9169,1
9170,1
9171,1
9172,1
9173,1
9174,1
9175,1
9176,1
9177,1
9178,1
9179,1
9180,1
9181,1
9182,1
9183,1
9184,1
9185,1
9186,1
9187,1
9188,1
9189,1
9190,1
9191,1
9192,1
9193,1
9194,1
9195,1
9196,1
9197,1
9198,1
9199,1
9200,1
9201,0
9202,1
9203,1
9204,1
9205,1
9206,1
9207,1
9208,0
9209,1
9210,1
9211,1
9212,1
9213,0
9214,1
9215,0
9216,1
9217,1
9218,1
9219,1
9220,1
9221,1
9222,1
9223,1
9224,1
9225,1
9226,1
9227,1
9228,1
9229,1
9230,1
9231,1
9232,1
9233,1
9234,1
9235,1
9236,1
9237,1
9238,1
9239,1
9240,1
9241,1
9242,1
9243,1
9244,1
9245,1
9246,1
9247,1
9248,1
9249,1
9250,1
9251,1
9252,1
9253,1
9254,1
9255,1
9256,1
9257,1
9258,1
9259,1
9260,1
9261,1
9262,1
9263,1
9264,1
9265,1
9266,1
9267,1
9268,1
9269,1
9270,1
9271,1
9272,1
9273,1
9274,1
9275,1
9276,1
9277,1
9278,1
9279,1
9280,1
9281,1
9282,0
9283,1
9284,1
9285,1
9286,1
9287,1
9288,1
9289,1
9290,1
9291,1
9292,1
9293,1
9294,1
9295,1
9296,1
9297,1
9298,1
9299,1
9300,1
9301,1
9302,1
9303,1
9304,1
9305,1
9306,1
9307,1
9308,1
9309,1
9310,0
9311,1
9312,1
9313,1
9314,1
9315,1
9316,1
9317,1
9318,1
9319,1
9320,1
9321,1
9322,1
9323,1
9324,1
9325,1
9326,1
9327,1
9328,1
9329,1
9330,1
9331,1
9332,1
9333,1
9334,1
9335,1
9336,1
9337,1
9338,1
9339,1
9340,1
9341,1
9342,1
9343,1
9344,1
9345,1
9346,1
9347,1
9348,1
9349,1
9350,1
9351,1
9352,1
9353,1
9354,1
9355,1
9356,1
9357,1
9358,1
9359,1
9360,1
9361,1
9362,1
9363,1
9364,1
9365,1
9366,1
9367,1
9368,1
9369,1
9370,1
9371,1
9372,1
9373,1
9374,1
9375,1
9376,1
9377,1
9378,1
9379,1
9380,1
9381,1
9382,1
9383,1
9384,1
9385,1
9386,1
9387,1
9388,1
9389,1
9390,1
9391,1
9392,1
9393,1
9394,1
9395,1
9396,1
9397,1
9398,1
9399,1
9400,1
9401,1
9402,1
9403,1
9404,1
9405,1
9406,1
9407,1
9408,1
9409,1
9410,1
9411,1
9412,1
9413,1
9414,1
9415,1
9416,1
9417,1
9418,1
9419,1
9420,1
9421,1
9422,1
9423,1
9424,1
9425,1
9426,1
9427,1
9428,1
9429,1
9430,1
9431,1
9432,1
9433,1
9434,1
9435,1
9436,1
9437,1
9438,1
9439,1
9440,1
9441,1
9442,1
9443,1
9444,1
9445,1
9446,1
9447,1
9448,1
9449,1
9450,1
9451,1
9452,1
9453,1
9454,1
9455,1
9456,1
9457,1
9458,1
9459,1
9460,1
9461,1
9462,1
9463,1
9464,1
9465,1
9466,1
9467,1
9468,1
9469,1
9470,1
9471,1
9472,1
9473,1
9474,1
9475,1
9476,1
9477,1
9478,1
9479,1
9480,1
9481,1
9482,1
9483,1
9484,1
9485,1
9486,1
9487,1
9488,1
9489,1
9490,1
9491,1
9492,1
9493,1
9494,1
9495,1
9496,1
9497,1
9498,1
9499,1
9500,1
9501,1
9502,1
9503,1
9504,1
9505,1
9506,1
9507,1
9508,1
9509,1
9510,1
9511,1
9512,1
9513,1
9514,1
9515,0
9516,1
9517,1
9518,1
9519,1
9520,1
9521,1
9522,1
9523,1
9524,1
9525,1
9526,1
9527,1
9528,1
9529,1
9530,1
9531,1
9532,1
9533,1
9534,1
9535,1
9536,1
9537,1
9538,1
9539,1
9540,1
9541,1
9542,1
9543,1
9544,1
9545,1
9546,1
9547,1
9548,1
9549,1
9550,1
9551,1
9552,1
9553,1
9554,1
9555,1
9556,1
9557,1
9558,1
9559,1
9560,1
9561,1
9562,1
9563,1
9564,1
9565,1
9566,1
9567,1
9568,1
9569,1
9570,1
9571,1
9572,1
9573,1
9574,1
9575,1
9576,1
9577,1
9578,1
9579,1
9580,1
9581,1
9582,1
9583,1
9584,1
9585,1
9586,1
9587,1
9588,1
9589,1
9590,1
9591,1
9592,1
9593,1
9594,1
9595,1
9596,1
9597,1
9598,1
9599,1
9600,1
9601,1
9602,1
9603,0
9604,0
9605,0
9606,0
9607,0
9608,0
9609,0
9610,0
9611,0
9612,0
9613,0
9614,0
9615,0
9616,0
9617,0
9618,0
9619,0
9620,0
9621,0
9622,0
9623,0
9624,0
9625,0
9626,0
9627,0
9628,0
9629,0
9630,0
9631,0
9632,0
9633,0
9634,0
9635,0
9636,0
9637,0
9638,0
9639,0
9640,0
9641,0
9642,0
9643,0
9644,0
9645,1
9646,1
9647,0
9648,0
9649,0
9650,0
9651,0
9652,0
9653,0
9654,0
9655,0
9656,0
9657,1
9658,0
9659,0
9660,0
9661,0
9662,0
9663,0
9664,0
9665,0
9666,0
9667,0
9668,0
9669,0
9670,0
9671,0
9672,0
9673,0
9674,0
9675,0
9676,0
9677,0
9678,0
9679,0
9680,0
9681,0
9682,0
9683,0
9684,0
9685,0
9686,0
9687,0
9688,0
9689,0
9690,0
9691,0
9692,0
9693,0
9694,0
9695,0
9696,0
9697,0
9698,0
9699,0
9700,0
9701,0
9702,0
9703,0
9704,0
9705,0
9706,0
9707,0
9708,0
9709,0
9710,0
9711,0
9712,0
9713,0
9714,0
9715,0
9716,0
9717,0
9718,0
9719,0
9720,0
9721,0
9722,0
9723,0
9724,0
9725,1
9726,0
9727,0
9728,1
9729,0
9730,1
9731,0
9732,0
9733,1
9734,0
9735,0
9736,0
9737,0
9738,0
9739,0
9740,0
9741,0
9742,0
9743,1
9744,1
9745,1
9746,0
9747,0
9748,1
9749,0
9750,0
9751,1
9752,0
9753,0
9754,0
9755,0
9756,0
9757,0
9758,0
9759,0
9760,0
9761,0
9762,1
9763,0
9764,0
9765,0
9766,0
9767,0
9768,0
9769,0
9770,0
9771,0
9772,0
9773,0
9774,0
9775,1
9776,0
9777,0
9778,0
9779,0
9780,0
9781,0
9782,0
9783,0
9784,0
9785,0
9786,0
9787,0
9788,0
9789,0
9790,0
9791,0
9792,0
9793,0
9794,0
9795,0
9796,0
9797,0
9798,0
9799,0
9800,0
9801,0
9802,0
9803,0
9804,0
9805,0
9806,0
9807,0
9808,0
9809,0
9810,0
9811,0
9812,0
9813,0
9814,1
9815,0
9816,1
9817,1
9818,1
9819,0
9820,0
9821,0
9822,0
9823,0
9824,0
9825,1
9826,0
9827,1
9828,0
9829,0
9830,0
9831,0
9832,0
9833,0
9834,0
9835,0
9836,0
9837,0
9838,0
9839,0
9840,0
9841,0
9842,0
9843,0
9844,0
9845,0
9846,0
9847,0
9848,0
9849,0
9850,0
9851,1
9852,1
9853,1
9854,0
9855,0
9856,1
9857,1
9858,1
9859,0
9860,1
9861,1
9862,0
9863,0
9864,0
9865,0
9866,0
9867,0
9868,0
9869,0
9870,1
9871,0
9872,0
9873,0
9874,0
9875,0
9876,0
9877,0
9878,0
9879,0
9880,0
9881,0
9882,0
9883,0
9884,1
9885,1
9886,0
9887,0
9888,0
9889,0
9890,0
9891,0
9892,0
9893,0
9894,0
9895,0
9896,0
9897,0
9898,0
9899,0
9900,0
9901,0
9902,0
9903,0
9904,1
9905,0
9906,0
9907,0
9908,1
9909,1
9910,0
9911,0
9912,0
9913,0
9914,1
9915,0
9916,1
9917,0
9918,0
9919,0
9920,0
9921,0
9922,0
9923,0
9924,1
9925,1
9926,0
9927,0
9928,0
9929,0
9930,0
9931,1
9932,0
9933,1
9934,0
9935,1
9936,0
9937,0
9938,0
9939,0
9940,0
9941,0
9942,0
9943,0
9944,0
9945,0
9946,1
9947,0
9948,0
9949,0
9950,0
9951,0
9952,0
9953,1
9954,0
9955,1
9956,1
9957,0
9958,0
9959,0
9960,1
9961,1
9962,0
9963,0
9964,0
9965,0
9966,1
9967,0
9968,0
9969,0
9970,0
9971,0
9972,0
9973,0
9974,0
9975,0
9976,0
9977,0
9978,0
9979,1
9980,1
9981,0
9982,0
9983,0
9984,1
9985,1
9986,0
9987,1
9988,1
9989,1
9990,1
9991,1
9992,1
9993,0
9994,0
9995,0
9996,0
9997,0
9998,0
9999,0
10000,0
10001,0
10002,0
10003,0
10004,0
10005,0
10006,1
10007,0
10008,0
10009,0
10010,1
10011,0
10012,0
10013,0
10014,0
10015,1
10016,0
10017,1
10018,0
10019,1
10020,1
10021,1
10022,0
10023,0
10024,0
10025,0
10026,0
10027,0
10028,1
10029,1
10030,1
10031,0
10032,0
10033,0
10034,0
10035,1
10036,1
10037,1
10038,1
10039,1
10040,1
10041,1
10042,1
10043,1
10044,1
10045,1
10046,1
10047,1
10048,1
10049,1
10050,1
10051,1
10052,1
10053,1
10054,1
10055,1
10056,1
10057,1
10058,1
10059,1
10060,1
10061,1
10062,1
10063,1
10064,1
10065,1
10066,1
10067,1
10068,1
10069,1
10070,0
10071,1
10072,1
10073,1
10074,1
10075,1
10076,1
10077,1
10078,1
10079,1
10080,1
10081,1
10082,1
10083,1
10084,1
10085,1
10086,1
10087,1
10088,1
10089,1
10090,1
10091,1
10092,1
10093,1
10094,1
10095,1
10096,0
10097,1
10098,1
10099,1
10100,1
10101,1
10102,0
10103,1
10104,1
10105,1
10106,1
10107,0
10108,1
10109,1
10110,0
10111,1
10112,0
10113,1
10114,0
10115,1
10116,0
10117,0
10118,1
10119,1
10120,0
10121,0
10122,1
10123,0
10124,0
10125,1
10126,0
10127,1
10128,1
10129,1
10130,1
10131,1
10132,1
10133,0
10134,0
10135,1
10136,1
10137,1
10138,1
10139,1
10140,1
10141,0
10142,1
10143,0
10144,0
10145,1
10146,1
10147,1
10148,1
10149,1
10150,1
10151,1
10152,1
10153,1
10154,0
10155,0
10156,1
10157,0
10158,1
10159,1
10160,1
10161,1
10162,1
10163,1
10164,1
10165,1
10166,1
10167,1
10168,1
10169,1
10170,1
10171,1
10172,1
10173,1
10174,1
10175,1
10176,1
10177,1
10178,1
10179,1
10180,1
10181,1
10182,1
10183,1
10184,1
10185,1
10186,1
10187,1
10188,1
10189,1
10190,1
10191,1
10192,1
10193,1
10194,1
10195,1
10196,1
10197,1
10198,1
10199,1
10200,1
10201,1
10202,1
10203,1
10204,1
10205,1
10206,1
10207,1
10208,0
10209,1
10210,1
10211,1
10212,0
10213,1
10214,1
10215,1
10216,1
10217,1
10218,1
10219,1
10220,1
10221,1
10222,1
10223,1
10224,1
10225,1
10226,1
10227,1
10228,1
10229,1
10230,1
10231,1
10232,1
10233,1
10234,1
10235,1
10236,1
10237,1
10238,1
10239,1
10240,1
10241,1
10242,1
10243,1
10244,1
10245,1
10246,1
10247,1
10248,1
10249,1
10250,1
10251,1
10252,1
10253,1
10254,1
10255,1
10256,1
10257,1
10258,1
10259,1
10260,1
10261,1
10262,1
10263,1
10264,1
10265,1
10266,1
10267,1
10268,1
10269,1
10270,1
10271,1
10272,1
10273,1
10274,1
10275,0
10276,1
10277,1
10278,1
10279,1
10280,1
10281,1
10282,1
10283,1
10284,0
10285,1
10286,1
10287,1
10288,1
10289,1
10290,1
10291,1
10292,1
10293,1
10294,1
10295,1
10296,1
10297,1
10298,1
10299,1
10300,1
10301,1
10302,1
10303,1
10304,1
10305,1
10306,1
10307,1
10308,1
10309,1
10310,1
10311,1
10312,1
10313,1
10314,1
10315,1
10316,1
10317,1
10318,1
10319,1
10320,1
10321,1
10322,1
10323,1
10324,1
10325,1
10326,1
10327,1
10328,1
10329,1
10330,1
10331,1
10332,1
10333,1
10334,1
10335,1
10336,1
10337,1
10338,1
10339,1
10340,1
10341,1
10342,1
10343,1
10344,1
10345,1
10346,1
10347,1
10348,1
10349,1
10350,1
10351,1
10352,1
10353,1
10354,1
10355,1
10356,1
10357,1
10358,1
10359,1
10360,1
10361,1
10362,1
10363,1
10364,1
10365,1
10366,1
10367,1
10368,1
10369,1
10370,1
10371,1
10372,1
10373,1
10374,1
10375,1
10376,1
10377,1
10378,1
10379,1
10380,1
10381,1
10382,1
10383,1
10384,1
10385,1
10386,1
10387,1
10388,1
10389,1
10390,1
10391,1
10392,1
10393,1
10394,1
10395,1
10396,1
10397,1
10398,1
10399,1
10400,1
10401,1
10402,1
10403,1
10404,1
10405,1
10406,1
10407,1
10408,1
10409,1
10410,1
10411,1
10412,1
10413,1
10414,1
10415,1
10416,1
10417,1
10418,1
10419,1
10420,1
10421,1
10422,1
10423,1
10424,1
10425,1
10426,1
10427,1
10428,1
10429,1
10430,1
10431,1
10432,1
10433,1
10434,1
10435,1
10436,1
10437,1
10438,1
10439,1
10440,1
10441,1
10442,1
10443,1
10444,1
10445,1
10446,1
10447,1
10448,1
10449,1
10450,1
10451,1
10452,1
10453,1
10454,1
10455,1
10456,1
10457,1
10458,1
10459,1
10460,1
10461,1
10462,1
10463,1
10464,1
10465,1
10466,1
10467,1
10468,1
10469,1
10470,1
10471,1
10472,1
10473,1
10474,1
10475,1
10476,1
10477,1
10478,1
10479,1
10480,1
10481,1
10482,1
10483,1
10484,1
10485,1
10486,1
10487,1
10488,1
10489,1
10490,1
10491,1
10492,1
10493,1
10494,1
10495,1
10496,0
10497,1
10498,1
10499,1
10500,1
10501,1
10502,1
10503,1
10504,1
10505,1
10506,1
10507,1
10508,1
10509,1
10510,1
10511,1
10512,1
10513,0
10514,1
10515,1
10516,1
10517,1
10518,1
10519,1
10520,1
10521,1
10522,1
10523,1
10524,1
10525,1
10526,1
10527,1
10528,1
10529,1
10530,1
10531,1
10532,1
10533,1
10534,1
10535,1
10536,1
10537,1
10538,1
10539,1
10540,0
10541,0
10542,1
10543,0
10544,0
10545,0
10546,1
10547,0
10548,0
10549,0
10550,1
10551,0
10552,0
10553,0
10554,0
10555,1
10556,1
10557,1
10558,1
10559,1
10560,1
10561,1
10562,1
10563,1
10564,1
10565,1
10566,1
10567,1
10568,1
10569,1
10570,1
10571,1
10572,1
10573,1
10574,1
10575,1
10576,1
10577,1
10578,1
10579,1
10580,1
10581,1
10582,1
10583,1
10584,1
10585,1
10586,1
10587,1
10588,1
10589,1
10590,1
10591,1
10592,1
10593,1
10594,1
10595,1
10596,1
10597,1
10598,1
10599,1
10600,1
10601,1
10602,1
10603,1
10604,1
10605,1
10606,1
10607,1
10608,1
10609,1
10610,1
10611,1
10612,1
10613,1
10614,1
10615,1
10616,1
10617,1
10618,1
10619,1
10620,1
10621,1
10622,1
10623,1
10624,1
10625,1
10626,1
10627,1
10628,1
10629,1
10630,1
10631,1
10632,1
10633,1
10634,1
10635,1
10636,1
10637,1
10638,1
10639,1
10640,1
10641,1
10642,1
10643,1
10644,1
10645,1
10646,1
10647,1
10648,1
10649,1
10650,1
10651,1
10652,1
10653,1
10654,1
10655,1
10656,1
10657,1
10658,1
10659,1
10660,1
10661,1
10662,1
10663,1
10664,1
10665,1
10666,1
10667,1
10668,1
10669,1
10670,1
10671,1
10672,1
10673,1
10674,1
10675,1
10676,1
10677,1
10678,1
10679,1
10680,1
10681,1
10682,1
10683,1
10684,1
10685,1
10686,1
10687,1
10688,1
10689,1
10690,1
10691,1
10692,1
10693,1
10694,1
10695,1
10696,1
10697,1
10698,1
10699,1
10700,1
10701,1
10702,1
10703,1
10704,1
10705,1
10706,1
10707,1
10708,1
10709,1
10710,1
10711,1
10712,1
10713,1
10714,1
10715,1
10716,1
10717,1
10718,1
10719,1
10720,1
10721,1
10722,1
10723,1
10724,1
10725,1
10726,1
10727,1
10728,1
10729,1
10730,1
10731,1
10732,1
10733,1
10734,1
10735,1
10736,0
10737,1
10738,1
10739,1
10740,1
10741,1
10742,1
10743,1
10744,1
10745,1
10746,1
10747,1
10748,1
10749,1
10750,1
10751,1
10752,1
10753,1
10754,0
10755,1
10756,1
10757,1
10758,0
10759,0
10760,1
10761,1
10762,1
10763,1
10764,0
10765,1
10766,0
10767,0
10768,1
10769,0
10770,1
10771,1
10772,1
10773,0
10774,0
10775,0
10776,0
10777,0
10778,0
10779,0
10780,1
10781,1
10782,0
10783,1
10784,1
10785,0
10786,1
10787,0
10788,0
10789,0
10790,1
10791,0
10792,1
10793,1
10794,0
10795,0
10796,0
10797,0
10798,0
10799,0
10800,0
10801,0
10802,0
10803,0
10804,0
10805,1
10806,0
10807,1
10808,1
10809,0
10810,0
10811,0
10812,0
10813,0
10814,0
10815,0
10816,0
10817,0
10818,0
10819,0
10820,0
10821,0
10822,0
10823,0
10824,0
10825,0
10826,0
10827,0
10828,0
10829,0
10830,0
10831,0
10832,0
10833,0
10834,0
10835,0
10836,0
10837,0
10838,0
10839,0
10840,0
10841,0
10842,0
10843,0
10844,0
10845,0
10846,0
10847,0
10848,0
10849,0
10850,0
10851,0
10852,0
10853,0
10854,0
10855,0
10856,0
10857,0
10858,0
10859,0
10860,0
10861,0
10862,0
10863,1
10864,0
10865,1
10866,0
10867,0
10868,1
10869,1
10870,0
10871,1
10872,0
10873,1
10874,1
10875,1
10876,0
10877,1
10878,1
10879,0
10880,0
10881,1
10882,1
10883,1
10884,0
10885,1
10886,1
10887,1
10888,1
10889,1
10890,1
10891,1
10892,1
10893,1
10894,1
10895,1
10896,1
10897,1
10898,1
10899,1
10900,1
10901,1
10902,1
10903,1
10904,1
10905,1
10906,1
10907,1
10908,1
10909,1
10910,1
10911,0
10912,0
10913,1
10914,1
10915,1
10916,1
10917,1
10918,1
10919,1
10920,1
10921,1
10922,1
10923,1
10924,1
10925,1
10926,1
10927,1
10928,1
10929,1
10930,1
10931,1
10932,1
10933,1
10934,1
10935,1
10936,1
10937,1
10938,1
10939,1
10940,1
10941,1
10942,1
10943,1
10944,1
10945,1
10946,1
10947,1
10948,1
10949,0
10950,0
10951,1
10952,1
10953,1
10954,1
10955,1
10956,1
10957,1
10958,1
10959,1
10960,1
10961,1
10962,1
10963,1
10964,1
10965,1
10966,1
10967,1
10968,1
10969,1
10970,1
10971,1
10972,0
10973,1
10974,1
10975,1
10976,1
10977,1
10978,1
10979,1
10980,1
10981,1
10982,1
10983,1
10984,1
10985,1
10986,1
10987,1
10988,1
10989,1
10990,1
10991,1
10992,1
10993,1
10994,1
10995,1
10996,1
10997,0
10998,1
10999,1
11000,1
11001,1
11002,1
11003,1
11004,1
11005,1
11006,1
11007,1
11008,1
11009,1
11010,1
11011,1
11012,1
11013,1
11014,1
11015,1
11016,1
11017,1
11018,1
11019,1
11020,1
11021,1
11022,1
11023,1
11024,1
11025,1
11026,1
11027,1
11028,1
11029,1
11030,1
11031,1
11032,1
11033,1
11034,1
11035,1
11036,1
11037,1
11038,1
11039,1
11040,1
11041,1
11042,1
11043,1
11044,1
11045,1
11046,1
11047,1
11048,1
11049,1
11050,1
11051,1
11052,1
11053,1
11054,1
11055,1
11056,1
11057,1
11058,1
11059,1
11060,1
11061,1
11062,1
11063,1
11064,1
11065,1
11066,1
11067,1
11068,1
11069,1
11070,1
11071,1
11072,1
11073,1
11074,1
11075,1
11076,1
11077,1
11078,1
11079,1
11080,1
11081,1
11082,1
11083,1
11084,1
11085,1
11086,1
11087,1
11088,1
11089,1
11090,1
11091,1
11092,0
11093,0
11094,1
11095,0
11096,0
11097,1
11098,1
11099,1
11100,1
11101,0
11102,1
11103,1
11104,1
11105,1
11106,1
11107,1
11108,0
11109,1
11110,1
11111,1
11112,0
11113,0
11114,1
11115,1
11116,1
11117,1
11118,1
11119,0
11120,0
11121,1
11122,1
11123,1
11124,1
11125,1
11126,0
11127,1
11128,1
11129,0
11130,1
11131,0
11132,1
11133,1
11134,1
11135,1
11136,1
11137,1
11138,1
11139,1
11140,1
11141,1
11142,1
11143,1
11144,1
11145,1
11146,1
11147,1
11148,1
11149,1
11150,1
11151,1
11152,1
11153,1
11154,1
11155,1
11156,1
11157,0
11158,1
11159,1
11160,1
11161,1
11162,1
11163,1
11164,1
11165,1
11166,1
11167,1
11168,1
11169,1
11170,0
11171,1
11172,1
11173,0
11174,0
11175,0
11176,1
11177,1
11178,1
11179,1
11180,1
11181,1
11182,1
11183,0
11184,1
11185,1
11186,1
11187,1
11188,1
11189,0
11190,0
11191,0
11192,0
11193,1
11194,1
11195,0
11196,0
11197,0
11198,1
11199,0
11200,1
11201,1
11202,1
11203,1
11204,1
11205,1
11206,1
11207,1
11208,1
11209,1
11210,1
11211,1
11212,1
11213,1
11214,1
11215,1
11216,1
11217,0
11218,1
11219,1
11220,1
11221,1
11222,1
11223,1
11224,1
11225,1
11226,1
11227,1
11228,1
11229,0
11230,1
11231,1
11232,1
11233,1
11234,1
11235,1
11236,1
11237,1
11238,1
11239,1
11240,1
11241,1
11242,0
11243,1
11244,1
11245,1
11246,1
11247,1
11248,1
11249,1
11250,1
11251,1
11252,1
11253,1
11254,1
11255,1
11256,1
11257,1
11258,1
11259,1
11260,1
11261,1
11262,1
11263,1
11264,1
11265,1
11266,1
11267,1
11268,1
11269,1
11270,1
11271,1
11272,1
11273,1
11274,1
11275,0
11276,1
11277,1
11278,1
11279,1
11280,1
11281,1
11282,1
11283,1
11284,1
11285,1
11286,1
11287,1
11288,1
11289,1
11290,1
11291,1
11292,1
11293,1
11294,1
11295,1
11296,0
11297,0
11298,1
11299,1
11300,1
11301,1
11302,0
11303,0
11304,1
11305,1
11306,0
11307,1
11308,1
11309,1
11310,1
11311,1
11312,0
11313,0
11314,0
11315,0
11316,1
11317,0
11318,1
11319,1
11320,1
11321,1
11322,1
11323,1
11324,1
11325,1
11326,1
11327,1
11328,1
11329,1
11330,1
11331,1
11332,1
11333,1
11334,1
11335,1
11336,1
11337,1
11338,1
11339,1
11340,1
11341,1
11342,1
11343,1
11344,1
11345,1
11346,1
11347,1
11348,1
11349,1
11350,1
11351,1
11352,1
11353,1
11354,1
11355,1
11356,1
11357,1
11358,1
11359,1
11360,1
11361,1
11362,1
11363,1
11364,1
11365,1
11366,1
11367,1
11368,1
11369,1
11370,1
11371,1
11372,1
11373,1
11374,1
11375,1
11376,1
11377,1
11378,1
11379,1
11380,1
11381,1
11382,1
11383,1
11384,1
11385,1
11386,1
11387,1
11388,1
11389,1
11390,1
11391,1
11392,1
11393,1
11394,1
11395,1
11396,1
11397,1
11398,1
11399,1
11400,1
11401,1
11402,1
11403,1
11404,1
11405,1
11406,1
11407,1
11408,1
11409,1
11410,1
11411,1
11412,1
11413,1
11414,1
11415,1
11416,1
11417,1
11418,1
11419,1
11420,1
11421,1
11422,1
11423,1
11424,1
11425,1
11426,1
11427,1
11428,1
11429,1
11430,1
11431,1
11432,1
11433,1
11434,1
11435,1
11436,1
11437,1
11438,1
11439,1
11440,1
11441,1
11442,1
11443,1
11444,1
11445,1
11446,1
11447,1
11448,1
11449,1
11450,1
11451,1
11452,1
11453,1
11454,1
11455,1
11456,1
11457,1
11458,1
11459,1
11460,1
11461,1
11462,1
11463,1
11464,1
11465,1
11466,1
11467,1
11468,1
11469,1
11470,1
11471,1
11472,1
11473,1
11474,1
11475,1
11476,1
11477,1
11478,1
11479,1
11480,1
11481,1
11482,1
11483,1
11484,1
11485,1
11486,1
11487,1
11488,1
11489,1
11490,1
11491,1
11492,1
11493,1
11494,1
11495,1
11496,1
11497,1
11498,1
11499,1
11500,1
11501,1
11502,1
11503,1
11504,1
11505,1
11506,1
11507,1
11508,1
11509,1
11510,1
11511,1
11512,1
11513,1
11514,1
11515,1
11516,1
11517,1
11518,1
11519,1
11520,1
11521,1
11522,1
11523,1
11524,1
11525,1
11526,1
11527,1
11528,1
11529,1
11530,1
11531,1
11532,1
11533,1
11534,1
11535,1
11536,1
11537,1
11538,1
11539,1
11540,1
11541,1
11542,1
11543,1
11544,1
11545,1
11546,1
11547,1
11548,1
11549,1
11550,1
11551,1
11552,1
11553,1
11554,1
11555,1
11556,1
11557,1
11558,1
11559,1
11560,1
11561,1
11562,1
11563,1
11564,1
11565,1
11566,1
11567,1
11568,1
11569,1
11570,1
11571,1
11572,1
11573,1
11574,1
11575,1
11576,1
11577,1
11578,1
11579,1
11580,1
11581,1
11582,1
11583,1
11584,1
11585,1
11586,1
11587,1
11588,1
11589,1
11590,1
11591,1
11592,1
11593,1
11594,1
11595,1
11596,1
11597,1
11598,1
11599,1
11600,1
11601,1
11602,1
11603,1
11604,1
11605,1
11606,1
11607,1
11608,1
11609,1
11610,1
11611,1
11612,1
11613,1
11614,1
11615,1
11616,1
11617,1
11618,1
11619,1
11620,1
11621,1
11622,1
11623,1
11624,1
11625,1
11626,1
11627,1
11628,1
11629,1
11630,1
11631,1
11632,1
11633,1
11634,1
11635,0
11636,1
11637,1
11638,1
11639,1
11640,1
11641,1
11642,1
11643,1
11644,1
11645,1
11646,1
11647,1
11648,1
11649,1
11650,1
11651,1
11652,1
11653,1
11654,1
11655,1
11656,1
11657,1
11658,0
11659,1
11660,1
11661,1
11662,1
11663,1
11664,1
11665,1
11666,1
11667,1
11668,1
11669,1
11670,1
11671,1
11672,1
11673,1
11674,1
11675,1
11676,1
11677,1
11678,1
11679,1
11680,1
11681,1
11682,1
11683,1
11684,1
11685,1
11686,1
11687,1
11688,1
11689,1
11690,1
11691,1
11692,1
11693,1
11694,1
11695,1
11696,1
11697,1
11698,1
11699,1
11700,1
11701,1
11702,1
11703,1
11704,1
11705,1
11706,1
11707,1
11708,1
11709,1
11710,1
11711,1
11712,1
11713,1
11714,1
11715,1
11716,1
11717,1
11718,1
11719,1
11720,1
11721,1
11722,1
11723,1
11724,1
11725,1
11726,1
11727,1
11728,1
11729,1
11730,1
11731,1
11732,1
11733,1
11734,1
11735,1
11736,1
11737,1
11738,1
11739,1
11740,1
11741,1
11742,1
11743,1
11744,1
11745,1
11746,1
11747,1
11748,1
11749,1
11750,1
11751,1
11752,1
11753,1
11754,1
11755,1
11756,1
11757,1
11758,1
11759,1
11760,1
11761,1
11762,1
11763,1
11764,1
11765,1
11766,1
11767,1
11768,1
11769,1
11770,1
11771,1
11772,1
11773,1
11774,1
11775,1
11776,1
11777,1
11778,1
11779,1
11780,1
11781,1
11782,1
11783,1
11784,1
11785,1
11786,1
11787,1
11788,1
11789,1
11790,1
11791,1
11792,1
11793,1
11794,1
11795,1
11796,1
11797,1
11798,1
11799,1
11800,1
11801,1
11802,1
11803,1
11804,1
11805,1
11806,1
11807,1
11808,1
11809,1
11810,1
11811,1
11812,1
11813,1
11814,1
11815,1
11816,1
11817,1
11818,1
11819,1
11820,1
11821,1
11822,1
11823,1
11824,1
11825,1
11826,1
11827,1
11828,1
11829,1
11830,1
11831,1
11832,1
11833,1
11834,1
11835,1
11836,1
11837,1
11838,1
11839,1
11840,1
11841,1
11842,1
11843,1
11844,1
11845,1
11846,1
11847,1
11848,1
11849,1
11850,1
11851,0
11852,1
11853,1
11854,1
11855,1
11856,1
11857,1
11858,1
11859,1
11860,0
11861,1
11862,1
11863,1
11864,1
11865,1
11866,1
11867,1
11868,0
11869,1
11870,1
11871,1
11872,1
11873,1
11874,1
11875,1
11876,1
11877,1
11878,1
11879,1
11880,1
11881,1
11882,1
11883,1
11884,1
11885,1
11886,1
11887,1
11888,1
11889,1
11890,1
11891,1
11892,1
11893,1
11894,1
11895,1
11896,1
11897,1
11898,1
11899,1
11900,1
11901,1
11902,1
11903,1
11904,1
11905,1
11906,1
11907,1
11908,1
11909,1
11910,1
11911,1
11912,1
11913,1
11914,1
11915,1
11916,1
11917,1
11918,1
11919,1
11920,0
11921,1
11922,1
11923,1
11924,1
11925,0
11926,1
11927,1
11928,1
11929,1
11930,0
11931,1
11932,1
11933,1
11934,1
11935,1
11936,1
11937,1
11938,1
11939,1
11940,1
11941,1
11942,1
11943,1
11944,0
11945,1
11946,1
11947,1
11948,1
11949,1
11950,1
11951,1
11952,1
11953,1
11954,1
11955,1
11956,0
11957,1
11958,1
11959,1
11960,1
11961,1
11962,1
11963,1
11964,1
11965,1
11966,1
11967,1
11968,1
11969,1
11970,1
11971,1
11972,1
11973,0
11974,1
11975,1
11976,1
11977,1
11978,1
11979,1
11980,1
11981,1
11982,1
11983,1
11984,1
11985,1
11986,0
11987,1
11988,0
11989,0
11990,0
11991,1
11992,1
11993,1
11994,1
11995,0
11996,0
11997,0
11998,0
11999,0
12000,0
12001,1
12002,1
12003,1
12004,1
12005,1
12006,1
12007,1
12008,1
12009,1
12010,1
12011,1
12012,1
12013,1
12014,1
12015,1
12016,1
12017,1
12018,1
12019,1
12020,1
12021,1
12022,1
12023,1
12024,1
12025,1
12026,1
12027,1
12028,1
12029,1
12030,1
12031,1
12032,1
12033,0
12034,1
12035,0
12036,1
12037,1
12038,1
12039,1
12040,1
12041,1
12042,1
12043,1
12044,1
12045,1
12046,1
12047,1
12048,1
12049,1
12050,1
12051,1
12052,1
12053,1
12054,1
12055,1
12056,1
12057,1
12058,1
12059,1
12060,1
12061,1
12062,1
12063,1
12064,1
12065,1
12066,1
12067,1
12068,1
12069,1
12070,1
12071,1
12072,1
12073,1
12074,1
12075,1
12076,1
12077,1
12078,1
12079,1
12080,1
12081,1
12082,1
12083,1
12084,1
12085,1
12086,1
12087,1
12088,1
12089,1
12090,1
12091,1
12092,1
12093,1
12094,1
12095,1
12096,1
12097,1
12098,1
12099,1
12100,1
12101,1
12102,1
12103,1
12104,1
12105,1
12106,1
12107,1
12108,1
12109,1
12110,1
12111,1
12112,1
12113,1
12114,1
12115,1
12116,1
12117,1
12118,0
12119,0
12120,0
12121,0
12122,0
12123,0
12124,0
12125,0
12126,0
12127,0
12128,0
12129,0
12130,0
12131,0
12132,0
12133,0
12134,0
12135,0
12136,0
12137,0
12138,0
12139,0
12140,0
12141,0
12142,0
12143,0
12144,0
12145,0
12146,0
12147,0
12148,0
12149,0
12150,0
12151,0
12152,0
12153,0
12154,0
12155,0
12156,0
12157,0
12158,0
12159,0
12160,0
12161,0
12162,0
12163,0
12164,0
12165,0
12166,0
12167,0
12168,0
12169,0
12170,0
12171,0
12172,0
12173,0
12174,0
12175,0
12176,0
12177,0
12178,0
12179,0
12180,0
12181,0
12182,0
12183,0
12184,0
12185,0
12186,0
12187,0
12188,0
12189,0
12190,0
12191,0
12192,0
12193,0
12194,0
12195,0
12196,0
12197,0
12198,0
12199,0
12200,0
12201,0
12202,0
12203,0
12204,0
12205,0
12206,0
12207,0
12208,0
12209,0
12210,0
12211,0
12212,0
12213,0
12214,0
12215,0
12216,0
12217,1
12218,0
12219,0
12220,0
12221,0
12222,0
12223,0
12224,0
12225,0
12226,0
12227,0
12228,0
12229,0
12230,0
12231,0
12232,0
12233,0
12234,0
12235,0
12236,0
12237,0
12238,0
12239,0
12240,0
12241,0
12242,0
12243,0
12244,0
12245,0
12246,0
12247,0
12248,0
12249,0
12250,0
12251,0
12252,0
12253,0
12254,0
12255,0
12256,0
12257,0
12258,0
12259,0
12260,0
12261,0
12262,0
12263,0
12264,0
12265,0
12266,0
12267,0
12268,0
12269,0
12270,0
12271,0
12272,0
12273,0
12274,0
12275,0
12276,0
12277,0
12278,0
12279,0
12280,0
12281,0
12282,0
12283,0
12284,1
12285,1
12286,0
12287,0
12288,0
12289,0
12290,0
12291,0
12292,0
12293,0
12294,0
12295,0
12296,1
12297,0
12298,0
12299,1
12300,0
12301,0
12302,0
12303,0
12304,0
12305,0
12306,0
12307,0
12308,0
12309,0
12310,0
12311,0
12312,0
12313,0
12314,0
12315,0
12316,0
12317,0
12318,0
12319,0
12320,0
12321,0
12322,0
12323,0
12324,0
12325,0
12326,0
12327,0
12328,0
12329,0
12330,0
12331,0
12332,0
12333,0
12334,0
12335,0
12336,0
12337,0
12338,1
12339,0
12340,0
12341,1
12342,1
12343,1
12344,1
12345,1
12346,1
12347,1
12348,1
12349,1
12350,1
12351,1
12352,0
12353,0
12354,0
12355,0
12356,1
12357,1
12358,1
12359,1
12360,1
12361,0
12362,1
12363,1
12364,1
12365,1
12366,1
12367,0
12368,0
12369,0
12370,1
12371,0
12372,1
12373,0
12374,0
12375,0
12376,0
12377,0
12378,0
12379,0
12380,0
12381,0
12382,0
12383,0
12384,0
12385,0
12386,0
12387,0
12388,0
12389,0
12390,0
12391,0
12392,0
12393,0
12394,0
12395,0
12396,1
12397,0
12398,0
12399,0
12400,0
12401,0
12402,0
12403,0
12404,0
12405,0
12406,0
12407,0
12408,1
12409,0
12410,0
12411,0
12412,0
12413,1
12414,1
12415,1
12416,1
12417,1
12418,1
12419,1
12420,1
12421,0
12422,0
12423,0
12424,0
12425,1
12426,0
12427,0
12428,0
12429,1
12430,0
12431,0
12432,0
12433,0
12434,0
12435,0
12436,1
12437,1
12438,0
12439,0
12440,0
12441,0
12442,0
12443,1
12444,0
12445,0
12446,0
12447,0
12448,0
12449,0
12450,0
12451,1
12452,1
12453,0
12454,1
12455,1
12456,1
12457,1
12458,0
12459,0
12460,0
12461,0
12462,0
12463,0
12464,0
12465,1
12466,1
12467,0
12468,0
12469,0
12470,0
12471,0
12472,0
12473,0
12474,0
12475,0
12476,1
12477,0
12478,0
12479,0
12480,0
12481,0
12482,1
12483,1
12484,1
12485,1
12486,1
12487,1
12488,1
12489,1
12490,1
12491,1
12492,1
12493,1
12494,1
12495,1
12496,1
12497,1
12498,1
12499,1
12500,1
12501,1
12502,1
12503,1
12504,1
12505,0
12506,1
12507,0
12508,1
12509,1
12510,1
12511,0
12512,1
12513,1
12514,1
12515,1
12516,1
12517,1
12518,1
12519,1
12520,1
12521,1
12522,0
12523,1
12524,1
12525,1
12526,1
12527,1
12528,1
12529,1
12530,1
12531,0
12532,0
12533,1
12534,1
12535,1
12536,1
12537,1
12538,1
12539,1
12540,1
12541,1
12542,1
12543,1
12544,1
12545,0
12546,1
12547,1
12548,1
12549,0
12550,1
12551,1
12552,1
12553,1
12554,1
12555,1
12556,1
12557,0
12558,1
12559,1
12560,1
12561,1
12562,1
12563,0
12564,1
12565,0
12566,1
12567,0
12568,0
12569,0
12570,0
12571,1
12572,0
12573,0
12574,0
12575,0
12576,0
12577,0
12578,1
12579,1
12580,1
12581,1
12582,1
12583,1
12584,1
12585,1
12586,0
12587,1
12588,0
12589,0
12590,0
12591,0
12592,0
12593,1
12594,1
12595,1
12596,1
12597,1
12598,1
12599,1
12600,1
12601,1
12602,1
12603,1
12604,1
12605,1
12606,1
12607,1
12608,1
12609,1
12610,1
12611,1
12612,1
12613,1
12614,1
12615,1
12616,0
12617,0
12618,1
12619,0
12620,1
12621,1
12622,1
12623,0
12624,0
12625,0
12626,0
12627,0
12628,1
12629,1
12630,0
12631,0
12632,1
12633,1
12634,0
12635,1
12636,1
12637,1
12638,1
12639,1
12640,1
12641,1
12642,1
12643,1
12644,0
12645,1
12646,1
12647,1
12648,1
12649,1
12650,1
12651,1
12652,1
12653,1
12654,1
12655,1
12656,1
12657,1
12658,1
12659,1
12660,1
12661,1
12662,1
12663,1
12664,1
12665,1
12666,1
12667,1
12668,1
12669,1
12670,0
12671,0
12672,0
12673,0
12674,1
12675,1
12676,1
12677,1
12678,0
12679,0
12680,1
12681,1
12682,0
12683,1
12684,1
12685,0
12686,0
12687,0
12688,0
12689,0
12690,0
12691,0
12692,0
12693,1
12694,1
12695,1
12696,1
12697,1
12698,1
12699,1
12700,0
12701,0
12702,0
12703,0
12704,0
12705,0
12706,0
12707,0
12708,1
12709,0
12710,0
12711,1
12712,0
12713,1
12714,1
12715,1
12716,1
12717,1
12718,1
12719,1
12720,1
12721,1
12722,0
12723,1
12724,1
12725,1
12726,1
12727,1
12728,1
12729,1
12730,1
12731,1
12732,1
12733,1
12734,1
12735,1
12736,1
12737,1
12738,1
12739,1
12740,1
12741,0
12742,0
12743,0
12744,0
12745,0
12746,0
12747,0
12748,0
12749,0
12750,0
12751,0
12752,1
12753,1
12754,1
12755,0
12756,1
12757,1
12758,1
12759,1
12760,1
12761,0
12762,1
12763,1
12764,1
12765,0
12766,1
12767,1
12768,1
12769,1
12770,1
12771,1
12772,1
12773,1
12774,1
12775,1
12776,0
12777,1
12778,1
12779,1
12780,1
12781,0
12782,0
12783,0
12784,0
12785,0
12786,1
12787,0
12788,0
12789,1
12790,0
12791,0
12792,1
12793,1
12794,1
12795,1
12796,1
12797,1
12798,0
12799,1
12800,1
12801,1
12802,1
12803,0
12804,0
12805,0
12806,0
12807,0
12808,0
12809,0
12810,0
12811,0
12812,0
12813,0
12814,0
12815,0
12816,0
12817,0
12818,0
12819,0
12820,0
12821,0
12822,0
12823,0
12824,0
12825,0
12826,0
12827,1
12828,1
12829,0
12830,1
12831,1
12832,1
12833,0
12834,1
12835,1
12836,1
12837,0
12838,0
12839,1
12840,0
12841,1
12842,1
12843,1
12844,1
12845,0
12846,1
12847,1
12848,0
12849,0
12850,0
12851,1
12852,0
12853,1
12854,0
12855,0
12856,0
12857,0
12858,0
12859,0
12860,0
12861,0
12862,0
12863,1
12864,0
12865,0
12866,0
12867,0
12868,0
12869,0
12870,0
12871,0
12872,0
12873,0
12874,0
12875,0
12876,0
12877,0
12878,0
12879,1
12880,1
12881,0
12882,0
12883,1
12884,1
12885,1
12886,0
12887,0
12888,0
12889,0
12890,0
12891,0
12892,0
12893,0
12894,0
12895,0
12896,0
12897,0
12898,0
12899,0
12900,0
12901,0
12902,0
12903,0
12904,0
12905,1
12906,0
12907,0
12908,0
12909,0
12910,0
12911,0
12912,0
12913,0
12914,0
12915,0
12916,0
12917,0
12918,0
12919,0
12920,0
12921,0
12922,0
12923,0
12924,0
12925,0
12926,0
12927,0
12928,0
12929,0
12930,0
12931,0
12932,0
12933,0
12934,0
12935,0
12936,0
12937,0
12938,0
12939,0
12940,0
12941,0
12942,0
12943,0
12944,0
12945,0
12946,1
12947,0
12948,0
12949,0
12950,0
12951,0
12952,0
12953,1
12954,0
12955,0
12956,0
12957,0
12958,0
12959,0
12960,1
12961,1
12962,0
12963,0
12964,0
12965,0
12966,1
12967,0
12968,0
12969,0
12970,0
12971,0
12972,0
12973,0
12974,0
12975,0
12976,0
12977,0
12978,0
12979,0
12980,0
12981,0
12982,0
12983,0
12984,0
12985,0
12986,0
12987,0
12988,0
12989,0
12990,0
12991,0
12992,0
12993,0
12994,0
12995,0
12996,0
12997,1
12998,0
12999,0
13000,0
13001,0
13002,0
13003,1
13004,1
13005,0
13006,0
13007,0
13008,0
13009,0
13010,0
13011,1
13012,1
13013,1
13014,1
13015,1
13016,0
13017,0
13018,0
13019,1
13020,0
13021,1
13022,0
13023,0
13024,0
13025,0
13026,0
13027,0
13028,0
13029,0
13030,0
13031,1
13032,0
13033,0
13034,0
13035,0
13036,0
13037,0
13038,0
13039,0
13040,0
13041,0
13042,1
13043,0
13044,0
13045,0
13046,0
13047,0
13048,0
13049,0
13050,0
13051,0
13052,0
13053,0
13054,0
13055,1
13056,1
13057,1
13058,0
13059,0
13060,0
13061,0
13062,0
13063,0
13064,0
13065,0
13066,1
13067,0
13068,0
13069,0
13070,0
13071,0
13072,0
13073,0
13074,0
13075,0
13076,0
13077,0
13078,0
13079,0
13080,0
13081,0
13082,0
13083,0
13084,0
13085,0
13086,0
13087,0
13088,0
13089,0
13090,0
13091,0
13092,0
13093,0
13094,0
13095,0
13096,0
13097,0
13098,1
13099,0
13100,0
13101,0
13102,0
13103,0
13104,0
13105,0
13106,0
13107,0
13108,0
13109,0
13110,0
13111,0
13112,0
13113,0
13114,0
13115,0
13116,0
13117,1
13118,0
13119,0
13120,0
13121,0
13122,0
13123,0
13124,1
13125,0
13126,0
13127,0
13128,0
13129,0
13130,0
13131,0
13132,0
13133,0
13134,0
13135,0
13136,0
13137,0
13138,0
13139,0
13140,0
13141,0
13142,0
13143,0
13144,0
13145,0
13146,0
13147,0
13148,0
13149,0
13150,0
13151,0
13152,0
13153,1
13154,0
13155,0
13156,0
13157,0
13158,0
13159,0
13160,0
13161,0
13162,0
13163,0
13164,0
13165,0
13166,0
13167,0
13168,0
13169,0
13170,0
13171,0
13172,0
13173,0
13174,0
13175,0
13176,0
13177,0
13178,0
13179,0
13180,0
13181,0
13182,0
13183,0
13184,0
13185,0
13186,0
13187,0
13188,0
13189,0
13190,0
13191,0
13192,0
13193,0
13194,0
13195,0
13196,0
13197,0
13198,0
13199,0
13200,0
13201,0
13202,0
13203,0
13204,0
13205,0
13206,0
13207,0
13208,0
13209,0
13210,0
13211,0
13212,0
13213,0
13214,0
13215,0
13216,0
13217,0
13218,0
13219,0
13220,0
13221,0
13222,0
13223,0
13224,0
13225,0
13226,0
13227,0
13228,0
13229,0
13230,0
13231,0
13232,0
13233,0
13234,0
13235,0
13236,0
13237,0
13238,0
13239,0
13240,0
13241,0
13242,0
13243,0
13244,0
13245,0
13246,0
13247,0
13248,0
13249,0
13250,0
13251,0
13252,0
13253,0
13254,0
13255,0
13256,0
13257,0
13258,0
13259,0
13260,0
13261,0
13262,0
13263,0
13264,0
13265,0
13266,0
13267,0
13268,0
13269,0
13270,0
13271,0
13272,0
13273,0
13274,0
13275,0
13276,0
13277,0
13278,0
13279,0
13280,0
13281,0
13282,0
13283,0
13284,0
13285,0
13286,0
13287,0
13288,1
13289,1
13290,0
13291,0
13292,0
13293,0
13294,0
13295,0
13296,0
13297,0
13298,0
13299,0
13300,0
13301,0
13302,0
13303,0
13304,0
13305,0
13306,0
13307,0
13308,0
13309,0
13310,0
13311,0
13312,0
13313,0
13314,0
13315,0
13316,0
13317,0
13318,0
13319,0
13320,0
13321,0
13322,0
13323,0
13324,0
13325,0
13326,0
13327,0
13328,0
13329,0
13330,0
13331,0
13332,0
13333,0
13334,0
13335,0
13336,0
13337,0
13338,0
13339,0
13340,0
13341,0
13342,0
13343,1
13344,0
13345,0
13346,0
13347,0
13348,0
13349,0
13350,0
13351,0
13352,0
13353,0
13354,0
13355,0
13356,0
13357,0
13358,0
13359,0
13360,0
13361,0
13362,0
13363,0
13364,0
13365,0
13366,0
13367,0
13368,0
13369,0
13370,0
13371,0
13372,0
13373,0
13374,0
13375,0
13376,0
13377,0
13378,0
13379,0
13380,0
13381,0
13382,0
13383,0
13384,0
13385,0
13386,0
13387,0
13388,0
13389,0
13390,0
13391,0
13392,0
13393,0
13394,0
13395,0
13396,0
13397,0
13398,0
13399,0
13400,0
13401,0
13402,0
13403,0
13404,0
13405,0
13406,0
13407,0
13408,0
13409,0
13410,0
13411,0
13412,0
13413,0
13414,0
13415,0
13416,0
13417,0
13418,0
13419,0
13420,0
13421,0
13422,0
13423,0
13424,0
13425,0
13426,0
13427,0
13428,0
13429,0
13430,0
13431,0
13432,0
13433,0
13434,0
13435,0
13436,0
13437,0
13438,0
13439,0
13440,0
13441,0
13442,0
13443,0
13444,0
13445,0
13446,0
13447,0
13448,0
13449,0
13450,0
13451,0
13452,0
13453,0
13454,0
13455,0
13456,0
13457,0
13458,0
13459,0
13460,0
13461,0
13462,0
13463,0
13464,0
13465,0
13466,0
13467,0
13468,0
13469,0
13470,0
13471,0
13472,0
13473,0
13474,0
13475,0
13476,0
13477,0
13478,0
13479,0
13480,0
13481,0
13482,0
13483,0
13484,0
13485,0
13486,0
13487,0
13488,0
13489,0
13490,0
13491,0
13492,0
13493,0
13494,1
13495,0
13496,0
13497,0
13498,0
13499,0
13500,0
13501,0
13502,0
13503,0
13504,1
13505,0
13506,0
13507,0
13508,0
13509,0
13510,0
13511,1
13512,0
13513,0
13514,0
13515,0
13516,0
13517,0
13518,0
13519,0
13520,0
13521,0
13522,0
13523,0
13524,0
13525,0
13526,0
13527,0
13528,0
13529,0
13530,0
13531,0
13532,0
13533,0
13534,0
13535,0
13536,0
13537,0
13538,0
13539,0
13540,0
13541,0
13542,0
13543,1
13544,0
13545,0
13546,0
13547,1
13548,1
13549,0
13550,1
13551,1
13552,1
13553,1
13554,1
13555,1
13556,1
13557,1
13558,0
13559,1
13560,1
13561,0
13562,1
13563,1
13564,1
13565,1
13566,1
13567,0
13568,0
13569,1
13570,1
13571,1
13572,1
13573,1
13574,1
13575,1
13576,1
13577,1
13578,1
13579,1
13580,1
13581,1
13582,1
13583,1
13584,1
13585,0
13586,1
13587,1
13588,1
13589,1
13590,1
13591,1
13592,1
13593,1
13594,1
13595,1
13596,1
13597,1
13598,1
13599,1
13600,1
13601,1
13602,1
13603,1
13604,1
13605,1
13606,0
13607,1
13608,1
13609,1
13610,0
13611,1
13612,1
13613,1
13614,1
13615,1
13616,0
13617,0
13618,0
13619,1
13620,1
13621,1
13622,1
13623,1
13624,1
13625,1
13626,1
13627,1
13628,1
13629,1
13630,1
13631,1
13632,1
13633,1
13634,1
13635,1
13636,1
13637,1
13638,1
13639,1
13640,1
13641,1
13642,1
13643,1
13644,1
13645,1
13646,1
13647,1
13648,1
13649,0
13650,0
13651,1
13652,1
13653,1
13654,1
13655,1
13656,1
13657,1
13658,1
13659,1
13660,1
13661,1
13662,1
13663,0
13664,1
13665,1
13666,1
13667,1
13668,1
13669,1
13670,1
13671,1
13672,1
13673,1
13674,0
13675,1
13676,1
13677,1
13678,1
13679,1
13680,0
13681,0
13682,0
13683,0
13684,1
13685,1
13686,1
13687,1
13688,1
13689,1
13690,1
13691,1
13692,1
13693,1
13694,0
13695,1
13696,1
13697,1
13698,1
13699,1
13700,1
13701,1
13702,1
13703,1
13704,1
13705,1
13706,1
13707,1
13708,1
13709,1
13710,1
13711,0
13712,1
13713,1
13714,1
13715,1
13716,1
13717,1
13718,1
13719,1
13720,1
13721,1
13722,0
13723,1
13724,1
13725,0
13726,1
13727,1
13728,1
13729,1
13730,1
13731,0
13732,1
13733,1
13734,0
13735,1
13736,1
13737,1
13738,1
13739,1
13740,1
13741,1
13742,1
13743,1
13744,1
13745,1
13746,1
13747,1
13748,1
13749,1
13750,1
13751,1
13752,1
13753,1
13754,1
13755,1
13756,1
13757,1
13758,1
13759,1
13760,1
13761,1
13762,1
13763,1
13764,1
13765,1
13766,1
13767,1
13768,1
13769,1
13770,1
13771,1
13772,1
13773,0
13774,1
13775,1
13776,0
13777,1
13778,1
13779,0
13780,1
13781,1
13782,1
13783,1
13784,1
13785,1
13786,1
13787,1
13788,1
13789,1
13790,1
13791,1
13792,1
13793,1
13794,1
13795,1
13796,1
13797,1
13798,1
13799,1
13800,1
13801,1
13802,1
13803,1
13804,1
13805,1
13806,1
13807,1
13808,1
13809,1
13810,1
13811,0
13812,1
13813,1
13814,1
13815,1
13816,1
13817,1
13818,1
13819,1
13820,1
13821,1
13822,1
13823,1
13824,1
13825,1
13826,1
13827,1
13828,1
13829,1
13830,1
13831,1
13832,1
13833,1
13834,1
13835,1
13836,1
13837,1
13838,1
13839,1
13840,1
13841,1
13842,1
13843,1
13844,1
13845,1
13846,1
13847,1
13848,1
13849,1
13850,1
13851,1
13852,1
13853,1
13854,1
13855,1
13856,1
13857,1
13858,1
13859,1
13860,1
13861,1
13862,1
13863,1
13864,1
13865,1
13866,1
13867,1
13868,1
13869,1
13870,1
13871,1
13872,1
13873,1
13874,1
13875,1
13876,1
13877,1
13878,1
13879,1
13880,1
13881,1
13882,1
13883,1
13884,1
13885,1
13886,1
13887,1
13888,1
13889,1
13890,1
13891,1
13892,1
13893,1
13894,1
13895,1
13896,1
13897,1
13898,1
13899,1
13900,1
13901,1
13902,1
13903,1
13904,1
13905,1
13906,1
13907,1
13908,1
13909,1
13910,1
13911,1
13912,1
13913,1
13914,1
13915,1
13916,1
13917,1
13918,1
13919,1
13920,1
13921,1
13922,1
13923,1
13924,1
13925,1
13926,1
13927,1
13928,1
13929,1
13930,1
13931,0
13932,0
13933,0
13934,0
13935,0
13936,0
13937,1
13938,0
13939,0
13940,0
13941,0
13942,0
13943,0
13944,0
13945,0
13946,0
13947,0
13948,0
13949,0
13950,0
13951,1
13952,1
13953,1
13954,1
13955,1
13956,0
13957,1
13958,1
13959,0
13960,0
13961,0
13962,0
13963,0
13964,1
13965,1
13966,1
13967,1
13968,1
13969,1
13970,0
13971,0
13972,0
13973,0
13974,0
13975,0
13976,0
13977,0
13978,0
13979,1
13980,0
13981,0
13982,0
13983,1
13984,0
13985,0
13986,0
13987,0
13988,0
13989,1
13990,1
13991,0
13992,0
13993,0
13994,0
13995,0
13996,0
13997,1
13998,1
13999,1
14000,0
14001,0
14002,1
14003,0
14004,0
14005,0
14006,0
14007,0
14008,0
14009,0
14010,0
14011,0
14012,0
14013,0
14014,0
14015,0
14016,0
14017,0
14018,0
14019,0
14020,0
14021,0
14022,0
14023,0
14024,0
14025,0
14026,0
14027,0
14028,0
14029,0
14030,0
14031,0
14032,0
14033,0
14034,0
14035,0
14036,0
14037,0
14038,0
14039,0
14040,0
14041,0
14042,0
14043,0
14044,0
14045,0
14046,0
14047,0
14048,0
14049,0
14050,0
14051,0
14052,0
14053,0
14054,0
14055,0
14056,0
14057,0
14058,0
14059,0
14060,0
14061,0
14062,0
14063,0
